id,username,email,created_at
1,goldnetwork72,goldnetwork72@hackstack.io,2024-11-05 03:23:32
2,silvermeadow22,silvermeadow22@hackstack.io,2024-10-01 13:12:23
3,harborjourney36,harborjourney36@seeded.app,2024-08-29 22:00:42
4,cobaltriver51,cobaltriver51@seeded.app,2025-07-31 23:08:47
5,rapiddelta62,rapiddelta62@hackstack.io,2024-06-27 00:17:01
6,dawngarden08,dawngarden08@example.com,2024-09-20 17:07:06
7,livelyfield06,livelyfield06@hackstack.io,2024-04-16 00:10:34
8,navynetwork17,navynetwork17@example.com,2025-02-07 11:56:23
9,keenquartz47,keenquartz47@hackstack.io,2025-12-06 08:56:50
10,jadesignal33,jadesignal33@acme.dev,2024-10-17 02:18:53
11,rapidengine27,rapidengine27@seeded.app,2024-06-30 14:24:50
12,vividriver35,vividriver35@opswise.net,2024-03-11 08:19:54
13,proudvalley70,proudvalley70@hackstack.io,2024-10-02 10:03:16
14,silverquartz20,silverquartz20@relay.cloud,2024-03-16 10:49:33
15,cleargarden55,cleargarden55@acme.dev,2024-08-04 13:20:09
16,mellowriver91,mellowriver91@relay.cloud,2025-06-05 02:40:09
17,navyyard80,navyyard80@relay.cloud,2025-03-13 11:59:09
18,cobaltkernel56,cobaltkernel56@hackstack.io,2025-05-22 14:12:18
19,dawnorbit36,dawnorbit36@relay.cloud,2024-06-03 11:46:49
20,clearjourney76,clearjourney76@acme.dev,2024-11-15 06:29:35
21,harborkernel93,harborkernel93@hackstack.io,2025-12-28 19:51:14
22,warmfield23,warmfield23@seeded.app,2025-01-29 03:18:38
23,mellowdelta47,mellowdelta47@example.com,2025-06-11 19:34:51
24,cobaltjourney21,cobaltjourney21@relay.cloud,2024-11-16 09:45:50
25,cobaltsignal02,cobaltsignal02@relay.cloud,2025-01-31 22:46:24
26,forestriver31,forestriver31@relay.cloud,2024-10-03 13:04:17
27,urbananchor87,urbananchor87@acme.dev,2025-03-20 00:01:05
28,ivorykernel98,ivorykernel98@hackstack.io,2026-01-11 15:10:28
29,jaderiver36,jaderiver36@acme.dev,2025-08-10 08:54:56
30,keenkernel70,keenkernel70@seeded.app,2024-02-07 21:34:30
31,quietzenith33,quietzenith33@hackstack.io,2024-05-22 21:51:51
32,opalquartz85,opalquartz85@hackstack.io,2025-04-14 16:43:46
33,cobaltyard93,cobaltyard93@hackstack.io,2024-06-02 15:18:16
34,urbanharvest46,urbanharvest46@acme.dev,2024-12-30 09:25:41
35,foresttrail25,foresttrail25@acme.dev,2024-03-10 01:38:40
36,urbanjourney61,urbanjourney61@hackstack.io,2024-06-17 03:02:44
37,calmkernel81,calmkernel81@opswise.net,2025-08-11 19:51:20
38,emberisland35,emberisland35@hackstack.io,2024-05-29 01:20:11
39,cobaltcanyon06,cobaltcanyon06@hackstack.io,2025-11-20 02:28:26
40,emberquartz45,emberquartz45@seeded.app,2024-04-06 12:34:04
41,quietzenith72,quietzenith72@seeded.app,2025-08-18 06:48:03
42,youngkernel86,youngkernel86@relay.cloud,2024-09-22 06:55:06
43,cobaltzenith92,cobaltzenith92@example.com,2025-03-12 04:59:30
44,jadequartz10,jadequartz10@example.com,2024-02-28 09:45:12
45,prouduplink07,prouduplink07@acme.dev,2025-05-04 12:38:39
46,rapidquartz91,rapidquartz91@opswise.net,2024-10-20 11:37:16
47,dawnnetwork39,dawnnetwork39@example.com,2025-09-11 03:23:28
48,vividyard18,vividyard18@acme.dev,2024-02-27 15:49:19
49,proudisland28,proudisland28@hackstack.io,2024-02-23 11:55:03
50,navydelta72,navydelta72@example.com,2024-11-20 20:11:48
51,ivorydelta77,ivorydelta77@acme.dev,2024-05-06 10:54:10
52,calmharvest38,calmharvest38@relay.cloud,2025-12-22 13:43:35
53,harbormeadow71,harbormeadow71@seeded.app,2024-08-05 19:02:07
54,cobaltuplink06,cobaltuplink06@relay.cloud,2024-09-08 21:00:24
55,golddelta66,golddelta66@example.com,2025-01-14 21:04:43
56,proudquartz07,proudquartz07@seeded.app,2024-06-28 19:09:45
57,mellowdelta18,mellowdelta18@opswise.net,2026-01-07 03:58:34
58,rapidgarden36,rapidgarden36@example.com,2025-08-20 07:06:27
59,emberwindow43,emberwindow43@acme.dev,2025-05-16 06:52:30
60,rapidbeacon46,rapidbeacon46@relay.cloud,2025-03-15 16:02:45
61,goldgarden74,goldgarden74@seeded.app,2025-02-17 01:19:42
62,navyzenith34,navyzenith34@hackstack.io,2025-02-06 08:22:48
63,vividuplink71,vividuplink71@relay.cloud,2024-10-11 20:42:14
64,vividharvest24,vividharvest24@seeded.app,2025-09-15 15:16:24
65,prouduplink43,prouduplink43@relay.cloud,2025-05-08 23:14:50
66,dawnanchor99,dawnanchor99@hackstack.io,2024-06-01 13:19:19
67,mellowuplink88,mellowuplink88@seeded.app,2025-06-24 01:29:11
68,embernetwork81,embernetwork81@opswise.net,2025-03-24 16:51:37
69,ivoryengine42,ivoryengine42@example.com,2025-10-19 03:02:29
70,mellowyard59,mellowyard59@example.com,2024-08-01 04:39:16
71,tidytrail58,tidytrail58@acme.dev,2024-04-15 06:59:45
72,warmmeadow40,warmmeadow40@seeded.app,2025-06-14 02:46:23
73,briskorbit11,briskorbit11@hackstack.io,2025-08-30 08:02:10
74,proudcanyon46,proudcanyon46@opswise.net,2024-01-26 17:19:54
75,cobaltanchor38,cobaltanchor38@relay.cloud,2024-08-11 10:28:39
76,proudorbit91,proudorbit91@acme.dev,2024-07-13 03:32:51
77,livelytrail84,livelytrail84@opswise.net,2025-06-13 19:40:03
78,urbantrail61,urbantrail61@example.com,2025-09-10 02:33:01
79,dawnpioneer06,dawnpioneer06@opswise.net,2025-01-02 18:02:31
80,navyzenith81,navyzenith81@seeded.app,2024-10-26 15:16:09
81,ivorylagoon38,ivorylagoon38@acme.dev,2024-11-04 11:49:21
82,vividfield71,vividfield71@seeded.app,2024-10-11 13:16:19
83,navyisland60,navyisland60@hackstack.io,2025-09-14 11:44:02
84,tidyfield39,tidyfield39@hackstack.io,2024-03-12 13:34:45
85,calmnetwork70,calmnetwork70@opswise.net,2025-01-14 05:22:02
86,dawnharvest39,dawnharvest39@acme.dev,2024-07-13 14:42:18
87,keenquartz71,keenquartz71@example.com,2025-09-21 14:27:55
88,goldisland27,goldisland27@hackstack.io,2024-02-19 23:21:48
89,quietlagoon79,quietlagoon79@seeded.app,2025-11-10 02:16:06
90,rapidharvest67,rapidharvest67@example.com,2025-02-09 22:56:15
91,navyquartz50,navyquartz50@opswise.net,2026-01-02 00:34:56
92,emberyard29,emberyard29@relay.cloud,2024-02-28 19:10:58
93,emberanchor22,emberanchor22@hackstack.io,2025-11-13 05:43:47
94,briskisland30,briskisland30@relay.cloud,2024-10-24 03:10:57
95,briskyard94,briskyard94@example.com,2024-06-29 01:20:33
96,proudanchor68,proudanchor68@seeded.app,2024-06-07 04:44:46
97,amberkernel71,amberkernel71@hackstack.io,2025-12-11 22:44:56
98,keennetwork58,keennetwork58@opswise.net,2025-11-12 18:25:33
99,brisktrail45,brisktrail45@hackstack.io,2024-07-12 23:40:00
100,navygarden75,navygarden75@seeded.app,2025-07-18 09:10:57
101,keenfield40,keenfield40@acme.dev,2025-07-28 16:06:11
102,amberriver15,amberriver15@acme.dev,2025-09-03 17:13:55
103,opalmeadow07,opalmeadow07@example.com,2025-09-08 12:48:30
104,dawnuplink56,dawnuplink56@opswise.net,2025-05-28 14:06:36
105,harborriver22,harborriver22@opswise.net,2024-04-02 12:56:52
106,emberquartz50,emberquartz50@hackstack.io,2026-01-18 01:18:28
107,emberbeacon25,emberbeacon25@opswise.net,2024-03-19 06:32:46
108,mellowcanyon86,mellowcanyon86@hackstack.io,2025-11-21 01:10:29
109,livelyharvest13,livelyharvest13@opswise.net,2024-08-03 12:24:43
110,amberharvest95,amberharvest95@hackstack.io,2024-02-03 20:33:36
111,jadeuplink22,jadeuplink22@seeded.app,2024-04-02 07:28:40
112,dawnwindow40,dawnwindow40@example.com,2024-12-29 17:24:38
113,urbanyard05,urbanyard05@example.com,2024-09-23 06:36:25
114,youngengine76,youngengine76@opswise.net,2024-07-16 19:48:39
115,rapiduplink15,rapiduplink15@seeded.app,2025-12-12 04:52:58
116,emberbeacon44,emberbeacon44@seeded.app,2024-11-02 02:44:09
117,quietsignal52,quietsignal52@hackstack.io,2024-11-12 00:28:40
118,opalnetwork16,opalnetwork16@hackstack.io,2024-01-23 10:58:17
119,opalharvest11,opalharvest11@opswise.net,2025-10-30 05:38:32
120,navyengine38,navyengine38@acme.dev,2025-12-13 12:58:11
121,urbandelta49,urbandelta49@hackstack.io,2025-09-09 09:56:25
122,quietbeacon75,quietbeacon75@acme.dev,2025-11-22 06:24:02
123,urbanyard73,urbanyard73@opswise.net,2024-02-16 09:45:41
124,mellowyard06,mellowyard06@opswise.net,2025-08-08 23:26:29
125,silverjourney88,silverjourney88@example.com,2025-11-04 09:49:05
126,urbanisland07,urbanisland07@seeded.app,2025-08-11 06:12:43
127,silveranchor38,silveranchor38@example.com,2024-03-01 13:18:17
128,ivoryharvest89,ivoryharvest89@seeded.app,2024-10-08 00:17:17
129,navycanyon03,navycanyon03@example.com,2025-09-05 21:17:36
130,tidygarden99,tidygarden99@example.com,2025-01-17 13:17:34
131,vividgarden93,vividgarden93@hackstack.io,2024-05-08 23:51:53
132,amberriver43,amberriver43@opswise.net,2025-03-05 16:06:55
133,opalriver19,opalriver19@hackstack.io,2025-06-10 13:38:08
134,dawndelta46,dawndelta46@seeded.app,2024-10-20 18:18:08
135,jadefield70,jadefield70@acme.dev,2024-12-08 14:49:52
136,amberzenith10,amberzenith10@relay.cloud,2024-05-31 17:56:00
137,goldanchor63,goldanchor63@opswise.net,2024-05-11 20:57:59
138,rapiduplink01,rapiduplink01@opswise.net,2024-07-06 03:29:20
139,silverquartz94,silverquartz94@opswise.net,2024-11-22 08:46:18
140,keenisland49,keenisland49@acme.dev,2024-08-25 01:45:13
141,clearzenith31,clearzenith31@example.com,2025-02-10 10:01:00
142,livelyyard18,livelyyard18@seeded.app,2025-10-08 19:00:28
143,ivorykernel17,ivorykernel17@acme.dev,2024-01-09 09:16:07
144,quietisland00,quietisland00@relay.cloud,2024-01-19 14:53:16
145,silverharvest04,silverharvest04@relay.cloud,2024-08-15 19:01:20
146,ambermeadow01,ambermeadow01@opswise.net,2024-06-15 10:30:02
147,harbortrail27,harbortrail27@acme.dev,2024-12-06 04:09:50
148,calmbeacon86,calmbeacon86@opswise.net,2025-11-13 18:55:58
149,ivorycanyon54,ivorycanyon54@acme.dev,2025-05-26 00:24:00
150,emberanchor36,emberanchor36@example.com,2024-03-27 00:36:53
151,navyriver83,navyriver83@example.com,2025-04-10 04:21:22
152,navyuplink90,navyuplink90@example.com,2025-12-24 20:40:04
153,dawnyard03,dawnyard03@seeded.app,2025-07-11 01:36:16
154,youngquartz99,youngquartz99@acme.dev,2024-11-03 17:42:53
155,ivoryuplink77,ivoryuplink77@opswise.net,2026-01-22 14:02:53
156,tidylagoon97,tidylagoon97@seeded.app,2025-10-07 16:28:03
157,clearmeadow06,clearmeadow06@example.com,2024-09-26 18:44:22
158,youngengine57,youngengine57@example.com,2025-11-13 14:45:30
159,briskanchor46,briskanchor46@example.com,2025-09-10 20:48:40
160,ivoryzenith33,ivoryzenith33@opswise.net,2024-06-27 04:46:38
161,rapidjourney70,rapidjourney70@relay.cloud,2025-05-29 16:35:55
162,urbanuplink29,urbanuplink29@seeded.app,2025-08-13 02:30:07
163,navyfield77,navyfield77@seeded.app,2025-06-24 16:39:27
164,emberharvest83,emberharvest83@hackstack.io,2025-12-14 13:25:32
165,keenzenith59,keenzenith59@hackstack.io,2025-10-16 05:22:13
166,amberzenith39,amberzenith39@example.com,2025-08-25 22:18:40
167,tidygarden87,tidygarden87@relay.cloud,2025-06-12 23:03:21
168,ivorynetwork06,ivorynetwork06@relay.cloud,2024-01-06 05:25:02
169,mellowbeacon73,mellowbeacon73@seeded.app,2026-01-04 14:07:16
170,warmfield61,warmfield61@example.com,2024-04-27 08:05:44
171,calmquartz77,calmquartz77@relay.cloud,2024-11-11 06:02:07
172,vividbeacon25,vividbeacon25@seeded.app,2024-02-25 12:45:35
173,navycanyon91,navycanyon91@seeded.app,2025-11-03 05:29:20
174,tidyriver05,tidyriver05@relay.cloud,2024-07-20 09:39:56
175,warmnetwork19,warmnetwork19@example.com,2025-01-24 12:04:12
176,emberengine31,emberengine31@acme.dev,2025-04-22 22:33:03
177,navycanyon84,navycanyon84@hackstack.io,2024-02-28 12:20:20
178,proudisland65,proudisland65@relay.cloud,2024-05-16 14:19:13
179,ivorywindow72,ivorywindow72@relay.cloud,2024-07-10 06:37:43
180,navylagoon33,navylagoon33@seeded.app,2026-01-01 14:53:39
181,opalwindow56,opalwindow56@relay.cloud,2025-02-25 00:19:33
182,embermeadow86,embermeadow86@acme.dev,2024-03-14 20:27:34
183,keentrail29,keentrail29@example.com,2024-08-21 21:25:11
184,dawnnetwork77,dawnnetwork77@hackstack.io,2025-12-14 09:46:39
185,emberfield21,emberfield21@relay.cloud,2025-11-27 04:34:41
186,youngcanyon43,youngcanyon43@hackstack.io,2025-01-11 15:37:01
187,clearsignal00,clearsignal00@example.com,2024-08-16 12:56:25
188,opalbeacon10,opalbeacon10@relay.cloud,2025-01-20 13:25:33
189,clearjourney30,clearjourney30@example.com,2025-10-18 17:09:44
190,tidysignal89,tidysignal89@hackstack.io,2024-08-22 20:43:17
191,clearisland00,clearisland00@example.com,2025-08-27 01:34:51
192,silverlagoon96,silverlagoon96@opswise.net,2024-11-02 03:16:28
193,embernetwork31,embernetwork31@seeded.app,2024-07-27 13:29:09
194,cleartrail14,cleartrail14@acme.dev,2024-01-25 18:26:15
195,harbordelta36,harbordelta36@hackstack.io,2024-06-09 08:57:23
196,dawnpioneer73,dawnpioneer73@relay.cloud,2025-08-25 15:58:58
197,briskcanyon17,briskcanyon17@opswise.net,2025-06-01 23:35:41
198,embersignal67,embersignal67@acme.dev,2024-07-27 09:44:28
199,tidyengine04,tidyengine04@relay.cloud,2025-10-11 00:14:25
200,warmfield38,warmfield38@hackstack.io,2025-06-05 19:37:34
201,vividmeadow34,vividmeadow34@acme.dev,2025-07-05 10:12:33
202,calmzenith00,calmzenith00@hackstack.io,2025-12-27 07:20:26
203,silverengine40,silverengine40@seeded.app,2024-12-26 21:42:25
204,proudsignal05,proudsignal05@example.com,2024-12-29 20:36:07
205,mellowgarden15,mellowgarden15@relay.cloud,2025-09-10 13:38:14
206,ivoryanchor29,ivoryanchor29@seeded.app,2025-07-16 00:31:03
207,dawnjourney66,dawnjourney66@acme.dev,2024-06-22 11:58:04
208,jadelagoon12,jadelagoon12@relay.cloud,2024-10-11 07:17:51
209,ambertrail58,ambertrail58@opswise.net,2024-07-12 16:19:47
210,navywindow91,navywindow91@opswise.net,2025-06-23 18:24:07
211,calmpioneer95,calmpioneer95@opswise.net,2025-08-22 21:07:01
212,opalpioneer95,opalpioneer95@opswise.net,2024-07-18 16:33:28
213,clearfield60,clearfield60@hackstack.io,2025-07-28 12:08:24
214,forestjourney06,forestjourney06@acme.dev,2024-08-09 06:47:58
215,emberriver70,emberriver70@opswise.net,2024-08-28 16:10:32
216,youngsignal37,youngsignal37@acme.dev,2024-03-28 12:01:18
217,opalvalley71,opalvalley71@relay.cloud,2025-09-10 22:42:57
218,silverharvest16,silverharvest16@acme.dev,2025-09-29 12:21:19
219,cobaltharvest59,cobaltharvest59@opswise.net,2026-01-17 13:59:01
220,mellowdelta79,mellowdelta79@example.com,2025-12-08 04:47:27
221,livelyjourney32,livelyjourney32@seeded.app,2025-03-16 23:48:07
222,jadefield33,jadefield33@example.com,2024-09-20 17:32:32
223,goldwindow76,goldwindow76@hackstack.io,2024-03-30 07:28:37
224,amberfield05,amberfield05@hackstack.io,2025-12-10 09:32:40
225,jadevalley82,jadevalley82@hackstack.io,2025-04-01 04:17:52
226,forestfield61,forestfield61@hackstack.io,2024-10-24 21:40:36
227,clearsignal00,clearsignal00@relay.cloud,2025-06-09 20:39:54
228,jadepioneer24,jadepioneer24@example.com,2024-07-23 11:41:53
229,embervalley14,embervalley14@seeded.app,2025-04-06 17:10:27
230,warmnetwork73,warmnetwork73@example.com,2025-01-31 18:27:54
231,tidyyard47,tidyyard47@example.com,2025-08-18 18:35:56
232,navylagoon66,navylagoon66@acme.dev,2024-01-05 01:45:54
233,keenengine23,keenengine23@opswise.net,2025-07-10 22:46:23
234,goldlagoon43,goldlagoon43@hackstack.io,2024-10-19 20:49:30
235,proudfield81,proudfield81@seeded.app,2024-11-15 04:04:04
236,silvercanyon64,silvercanyon64@opswise.net,2024-08-26 01:14:40
237,calmtrail43,calmtrail43@relay.cloud,2024-03-25 23:35:14
238,embervalley30,embervalley30@hackstack.io,2024-02-11 22:20:18
239,younganchor98,younganchor98@hackstack.io,2024-03-05 14:30:16
240,forestnetwork80,forestnetwork80@relay.cloud,2024-06-24 06:35:51
241,navyharvest46,navyharvest46@example.com,2025-09-14 14:12:34
242,calmlagoon26,calmlagoon26@seeded.app,2024-04-28 18:30:19
243,opaluplink02,opaluplink02@seeded.app,2024-04-15 16:56:27
244,keencanyon12,keencanyon12@opswise.net,2025-09-23 19:18:39
245,proudpioneer63,proudpioneer63@opswise.net,2024-03-05 15:43:48
246,clearfield68,clearfield68@hackstack.io,2024-10-21 03:17:04
247,proudharvest77,proudharvest77@acme.dev,2024-08-11 15:28:03
248,keenyard35,keenyard35@example.com,2025-11-03 09:12:13
249,keenharvest63,keenharvest63@relay.cloud,2025-07-09 04:09:35
250,forestfield50,forestfield50@relay.cloud,2024-12-22 20:33:47
251,harborjourney84,harborjourney84@opswise.net,2024-06-30 10:44:17
252,mellowtrail19,mellowtrail19@opswise.net,2025-11-04 07:57:01
253,younggarden18,younggarden18@example.com,2025-09-23 21:23:55
254,urbanquartz86,urbanquartz86@example.com,2025-04-08 09:27:10
255,clearquartz16,clearquartz16@opswise.net,2024-02-23 23:06:15
256,goldvalley98,goldvalley98@opswise.net,2024-09-10 13:30:40
257,emberharvest07,emberharvest07@acme.dev,2025-05-11 06:48:31
258,harboryard74,harboryard74@opswise.net,2025-11-15 02:44:59
259,clearfield83,clearfield83@opswise.net,2025-06-18 12:10:29
260,cobaltengine81,cobaltengine81@relay.cloud,2024-04-26 04:52:59
261,mellowvalley06,mellowvalley06@hackstack.io,2025-02-05 20:49:49
262,forestquartz08,forestquartz08@acme.dev,2025-02-07 05:11:33
263,emberpioneer75,emberpioneer75@seeded.app,2025-05-03 03:52:19
264,cobaltjourney60,cobaltjourney60@acme.dev,2025-03-24 05:36:55
265,warmfield87,warmfield87@seeded.app,2026-01-25 10:13:53
266,tidyquartz11,tidyquartz11@acme.dev,2024-07-09 15:47:58
267,goldanchor54,goldanchor54@hackstack.io,2024-09-12 19:24:56
268,dawnuplink31,dawnuplink31@acme.dev,2024-03-15 20:09:30
269,mellowdelta18,mellowdelta18@example.com,2024-04-19 09:40:33
270,livelymeadow79,livelymeadow79@acme.dev,2024-12-18 04:54:43
271,tidytrail45,tidytrail45@opswise.net,2024-05-26 22:49:28
272,livelyanchor41,livelyanchor41@example.com,2026-01-12 18:20:39
273,calmgarden43,calmgarden43@hackstack.io,2024-06-24 11:44:38
274,emberriver60,emberriver60@example.com,2024-09-22 17:25:23
275,keenorbit18,keenorbit18@relay.cloud,2024-05-26 13:23:55
276,goldquartz65,goldquartz65@example.com,2025-02-12 17:22:43
277,tidynetwork35,tidynetwork35@seeded.app,2024-07-18 02:32:48
278,amberisland58,amberisland58@hackstack.io,2024-10-04 20:26:59
279,jadeisland79,jadeisland79@opswise.net,2026-01-28 10:23:13
280,ivoryengine82,ivoryengine82@opswise.net,2024-07-06 22:22:01
281,opalpioneer56,opalpioneer56@seeded.app,2024-05-18 15:30:58
282,opalfield13,opalfield13@opswise.net,2025-03-22 14:14:13
283,calmwindow13,calmwindow13@opswise.net,2024-12-22 01:14:10
284,amberdelta52,amberdelta52@opswise.net,2024-01-22 23:46:40
285,proudzenith93,proudzenith93@opswise.net,2025-11-12 17:58:55
286,dawnanchor68,dawnanchor68@relay.cloud,2025-11-11 12:52:51
287,tidytrail70,tidytrail70@seeded.app,2025-02-23 21:51:14
288,briskanchor70,briskanchor70@acme.dev,2024-01-01 03:41:21
289,quietkernel13,quietkernel13@relay.cloud,2024-06-25 22:24:02
290,briskkernel75,briskkernel75@relay.cloud,2025-05-01 23:39:30
291,clearquartz12,clearquartz12@seeded.app,2025-12-08 08:10:07
292,cobaltquartz41,cobaltquartz41@seeded.app,2024-08-25 18:20:01
293,tidytrail10,tidytrail10@seeded.app,2026-01-06 23:04:42
294,cleartrail24,cleartrail24@seeded.app,2025-03-09 09:45:25
295,quietnetwork29,quietnetwork29@relay.cloud,2024-02-10 13:28:14
296,opaltrail25,opaltrail25@hackstack.io,2025-09-23 17:09:12
297,goldgarden63,goldgarden63@relay.cloud,2025-08-12 16:52:16
298,clearjourney02,clearjourney02@acme.dev,2024-03-13 16:12:22
299,ivoryisland43,ivoryisland43@seeded.app,2025-03-06 05:03:05
300,mellowpioneer41,mellowpioneer41@relay.cloud,2025-10-22 07:29:57
301,briskanchor26,briskanchor26@acme.dev,2024-10-23 19:41:16
302,clearquartz62,clearquartz62@example.com,2025-03-01 08:44:53
303,harboranchor64,harboranchor64@relay.cloud,2024-02-16 04:17:48
304,prouduplink98,prouduplink98@example.com,2025-08-19 12:07:49
305,mellowisland70,mellowisland70@seeded.app,2025-10-24 16:22:26
306,briskdelta13,briskdelta13@acme.dev,2024-11-15 05:43:44
307,rapidquartz93,rapidquartz93@example.com,2025-09-21 23:32:10
308,livelycanyon99,livelycanyon99@relay.cloud,2026-01-29 18:52:11
309,emberanchor52,emberanchor52@hackstack.io,2025-07-04 20:04:20
310,mellowsignal04,mellowsignal04@hackstack.io,2025-08-20 00:17:28
311,calmfield43,calmfield43@seeded.app,2025-07-13 09:30:00
312,mellowzenith72,mellowzenith72@relay.cloud,2024-11-06 11:15:07
313,dawnisland98,dawnisland98@example.com,2024-09-04 10:31:24
314,keenvalley29,keenvalley29@example.com,2024-02-26 23:03:53
315,jademeadow50,jademeadow50@relay.cloud,2025-01-26 12:11:49
316,livelyvalley58,livelyvalley58@opswise.net,2025-12-24 08:08:24
317,urbanquartz57,urbanquartz57@hackstack.io,2024-02-26 00:55:38
318,cobaltisland37,cobaltisland37@relay.cloud,2025-06-11 06:27:37
319,mellowtrail98,mellowtrail98@opswise.net,2025-04-14 13:25:13
320,forestsignal21,forestsignal21@relay.cloud,2025-01-15 22:25:46
321,briskanchor32,briskanchor32@seeded.app,2025-11-26 21:57:15
322,forestriver00,forestriver00@example.com,2024-02-22 22:40:30
323,jadesignal78,jadesignal78@example.com,2025-06-11 18:55:58
324,harbordelta06,harbordelta06@acme.dev,2025-03-08 13:02:14
325,silverdelta87,silverdelta87@acme.dev,2024-11-09 13:05:20
326,cobaltfield14,cobaltfield14@opswise.net,2024-01-22 10:02:10
327,rapidsignal44,rapidsignal44@hackstack.io,2025-05-15 06:55:14
328,cobaltengine96,cobaltengine96@hackstack.io,2024-11-16 22:51:28
329,navytrail58,navytrail58@opswise.net,2024-07-02 10:56:10
330,clearlagoon60,clearlagoon60@relay.cloud,2025-04-15 14:49:44
331,cobaltvalley38,cobaltvalley38@hackstack.io,2025-03-15 09:51:51
332,silverisland69,silverisland69@hackstack.io,2024-07-12 01:46:03
333,opaljourney02,opaljourney02@acme.dev,2024-09-15 09:51:59
334,navycanyon13,navycanyon13@relay.cloud,2025-04-18 08:31:59
335,urbangarden44,urbangarden44@acme.dev,2024-07-06 22:53:49
336,clearjourney61,clearjourney61@relay.cloud,2025-02-16 00:58:35
337,proudharvest52,proudharvest52@seeded.app,2024-02-06 12:08:22
338,youngnetwork21,youngnetwork21@acme.dev,2024-04-28 13:59:54
339,cobaltlagoon67,cobaltlagoon67@opswise.net,2024-05-14 19:29:43
340,rapidengine30,rapidengine30@opswise.net,2025-12-22 12:36:00
341,calmquartz15,calmquartz15@seeded.app,2024-11-29 04:33:27
342,briskisland83,briskisland83@opswise.net,2025-11-15 13:50:40
343,embermeadow90,embermeadow90@seeded.app,2025-07-30 02:02:03
344,cobaltlagoon16,cobaltlagoon16@opswise.net,2024-08-01 19:58:29
345,amberlagoon39,amberlagoon39@seeded.app,2025-07-10 22:58:04
346,emberkernel43,emberkernel43@hackstack.io,2025-10-25 23:23:40
347,youngfield50,youngfield50@example.com,2024-01-31 04:38:33
348,tidykernel42,tidykernel42@opswise.net,2024-03-28 07:34:51
349,rapidfield62,rapidfield62@acme.dev,2024-07-07 22:46:09
350,vividcanyon62,vividcanyon62@example.com,2025-06-18 05:19:50
351,younggarden51,younggarden51@hackstack.io,2024-06-24 07:20:25
352,livelybeacon88,livelybeacon88@seeded.app,2024-01-26 01:30:34
353,keenjourney02,keenjourney02@relay.cloud,2024-05-29 21:58:00
354,mellowriver91,mellowriver91@opswise.net,2024-08-15 16:54:21
355,opalpioneer92,opalpioneer92@opswise.net,2025-10-20 09:46:54
356,goldwindow26,goldwindow26@relay.cloud,2024-04-01 07:32:36
357,vividmeadow04,vividmeadow04@seeded.app,2024-09-16 03:13:03
358,youngjourney63,youngjourney63@acme.dev,2025-12-17 17:53:50
359,vividzenith95,vividzenith95@example.com,2024-08-31 13:39:06
360,ivoryyard99,ivoryyard99@hackstack.io,2024-05-26 16:57:08
361,mellowtrail13,mellowtrail13@relay.cloud,2025-11-22 18:59:04
362,vividkernel86,vividkernel86@opswise.net,2024-01-08 18:05:45
363,calmtrail89,calmtrail89@opswise.net,2025-10-19 05:13:11
364,quietsignal99,quietsignal99@opswise.net,2025-05-10 22:32:35
365,jadetrail36,jadetrail36@acme.dev,2025-11-16 06:27:05
366,cobaltpioneer56,cobaltpioneer56@relay.cloud,2025-03-29 10:27:12
367,ambervalley68,ambervalley68@opswise.net,2025-06-02 01:22:22
368,quietdelta82,quietdelta82@hackstack.io,2025-05-21 01:30:56
369,keenorbit31,keenorbit31@opswise.net,2024-03-20 12:44:44
370,livelywindow45,livelywindow45@acme.dev,2024-12-29 18:16:07
371,jadeisland93,jadeisland93@opswise.net,2024-03-14 05:35:20
372,rapidvalley16,rapidvalley16@acme.dev,2025-03-06 16:17:25
373,navyuplink98,navyuplink98@hackstack.io,2024-06-01 14:14:15
374,emberzenith40,emberzenith40@acme.dev,2025-05-17 02:37:43
375,quietanchor67,quietanchor67@seeded.app,2025-01-30 18:06:08
376,vividanchor92,vividanchor92@opswise.net,2025-01-27 08:59:00
377,ivorytrail21,ivorytrail21@example.com,2024-05-17 06:35:31
378,proudlagoon40,proudlagoon40@example.com,2026-01-18 09:58:56
379,tidyisland12,tidyisland12@example.com,2025-01-17 13:16:20
380,ivorybeacon71,ivorybeacon71@example.com,2025-09-20 20:04:36
381,harborcanyon44,harborcanyon44@hackstack.io,2024-09-14 18:10:17
382,urbankernel22,urbankernel22@hackstack.io,2025-01-23 01:33:59
383,youngdelta96,youngdelta96@relay.cloud,2024-04-27 11:01:46
384,calmnetwork78,calmnetwork78@opswise.net,2024-03-12 10:15:07
385,quietbeacon29,quietbeacon29@example.com,2025-03-07 22:31:01
386,proudengine62,proudengine62@example.com,2024-02-01 03:02:13
387,youngyard42,youngyard42@opswise.net,2024-06-01 13:38:19
388,ambergarden25,ambergarden25@opswise.net,2025-06-02 17:31:25
389,warmsignal32,warmsignal32@example.com,2025-06-14 04:09:39
390,silvervalley09,silvervalley09@hackstack.io,2025-05-30 21:06:06
391,silverriver76,silverriver76@opswise.net,2024-01-17 08:24:05
392,dawnengine07,dawnengine07@opswise.net,2025-07-21 08:52:37
393,keenuplink94,keenuplink94@example.com,2025-12-24 21:12:46
394,quietanchor15,quietanchor15@acme.dev,2025-01-08 00:58:18
395,briskdelta66,briskdelta66@relay.cloud,2024-10-15 06:38:39
396,brisknetwork93,brisknetwork93@acme.dev,2025-03-16 11:22:57
397,keengarden91,keengarden91@example.com,2024-12-20 16:38:14
398,goldkernel21,goldkernel21@seeded.app,2024-09-20 09:03:29
399,rapidanchor98,rapidanchor98@acme.dev,2025-11-14 00:54:34
400,urbanfield32,urbanfield32@opswise.net,2024-07-28 03:55:13
